<?xml version="1.0" encoding="utf-8"?>
<extension version="3.4" type="module" client="site" method="upgrade">
	<name>Golf With Me</name>
	<author>iIndia</author>
	<creationDate>April 2017</creationDate>
	<copyright>Copyright (C) 2017 iIndia. All rights reserved.</copyright>
	<license>GNU General Public License version 2 or later; see LICENSE.txt</license>
	<authorEmail>support@iindia.com</authorEmail>
	<authorUrl>http://iindia.com</authorUrl>
	<version>4.1</version>
	<description>Golf With Me module for JomSocial. Display upcoming and current schedule.</description>
	<files>
		<filename module="mod_community_groupschedule">mod_community_groupschedule.php</filename>
		<filename>helper.php</filename>
		<filename>index.html</filename>
		<filename>tmpl/index.html</filename>
		<filename>tmpl/default.php</filename>
		<filename>mod_community_groupschedule.xml</filename>
	</files>
    <languages>
        <language tag="en-GB">en-GB.mod_community_groupschedule.ini</language>
    </languages>
	<config>
		<fields name="params">
			<fieldset name="basic">
                <field name="displaysetting" type="list" class="btn-group btn-group-yesno" default="0" label="MOD_COMMUNITY_GS_DISPLAY_SETTINGS_SETTINGS" description="MOD_COMMUNITY_GSCALENDAR_DISPLAY_SETTINGS_TIPS">
                    <option value="0">MOD_COMMUNITY_GS_MYEVENTS_OPTIONS</option>
                </field>
                <field name="limit" type="text" default="5" label="MOD_COMMUNITY_GS_LIMIT_SETTINGS_SETTINGS" description="MOD_COMMUNITY_GS_FILTERBY_SETTINGS_TIPS" />
			</fieldset>
            <fieldset name="advanced">
                <field
                        name="layout"
                        type="modulelayout"
                        label="JFIELD_ALT_LAYOUT_LABEL"
                        description="JFIELD_ALT_MODULE_LAYOUT_DESC"/>
                <field
                        name="moduleclass_sfx"
                        type="textarea"
                        rows="3"
                        label="COM_MODULES_FIELD_MODULECLASS_SFX_LABEL"
                        description="COM_MODULES_FIELD_MODULECLASS_SFX_DESC" />

                <field
                        name="cache"
                        type="list"
                        default="0"
                        label="COM_MODULES_FIELD_CACHING_LABEL"
                        description="COM_MODULES_FIELD_CACHING_DESC"
                        >
                    <option value="1">JGLOBAL_USE_GLOBAL</option>
                    <option value="0">COM_MODULES_FIELD_VALUE_NOCACHING</option>
                </field>
            </fieldset>
		</fields>
	</config>
</extension>
